task,step,reward,planning,memory,recovery,terminal,loss
training-loop,1,0.469333,0.000000,0.000000,0.000000,0.000000,0.000000
training-loop,2,0.469333,0.000000,0.000000,0.000000,0.000000,0.000000
training-loop,3,0.469333,0.000000,0.000000,0.000000,0.000000,0.000000
training-loop,4,0.469333,0.000000,0.000000,0.000000,0.000000,0.000000
training-loop,5,0.469333,0.000000,0.000000,0.000000,0.000000,0.000000
training-loop,6,0.469333,0.000000,0.000000,0.000000,0.000000,0.000000
training-loop,7,0.469333,0.000000,0.000000,0.000000,0.000000,0.000000
training-loop,8,0.469333,0.000000,0.000000,0.000000,0.000000,0.000000
training-loop,9,0.469333,0.000000,0.000000,0.000000,0.000000,0.000000
training-loop,10,0.469333,0.000000,0.000000,0.000000,0.000000,0.000000
training-loop,11,0.469333,0.000000,0.000000,0.000000,0.000000,0.000000
training-loop,12,0.469333,0.000000,0.000000,0.000000,0.000000,0.000000
training-loop,13,0.469333,0.000000,0.000000,0.000000,0.000000,0.000000
training-loop,14,0.469333,0.000000,0.000000,0.000000,0.000000,0.000000
training-loop,15,0.469333,0.000000,0.000000,0.000000,0.000000,0.000000
training-loop,16,0.469333,0.000000,0.000000,0.000000,0.000000,0.000000
training-loop,17,0.421917,0.000000,0.000000,0.000000,0.000000,-0.044200
training-loop,18,0.421917,0.000000,0.000000,0.000000,0.000000,0.310000
training-loop,19,0.421917,0.000000,0.000000,0.000000,0.000000,-0.044100
training-loop,20,0.421917,0.000000,0.000000,0.000000,0.000000,-0.044400
training-loop,21,0.421917,0.000000,0.000000,0.000000,0.000000,-0.044200
training-loop,22,0.421917,0.000000,0.000000,0.000000,0.000000,-0.044400
training-loop,23,0.421917,0.000000,0.000000,0.000000,0.000000,-0.044200
training-loop,24,0.421917,0.000000,0.000000,0.000000,0.000000,-0.044100
training-loop,25,0.469333,0.000000,0.000000,0.000000,0.000000,0.000000
training-loop,26,0.469333,0.000000,0.000000,0.000000,0.000000,0.000000
training-loop,27,0.469333,0.000000,0.000000,0.000000,0.000000,0.000000
training-loop,28,0.469333,0.000000,0.000000,0.000000,0.000000,0.000000
training-loop,29,0.469333,0.000000,0.000000,0.000000,0.000000,0.000000
training-loop,30,0.469333,0.000000,0.000000,0.000000,0.000000,0.000000
training-loop,31,0.469333,0.000000,0.000000,0.000000,0.000000,0.000000
training-loop,32,0.469333,0.000000,0.000000,0.000000,0.000000,0.000000
training-loop,33,0.469333,0.000000,0.000000,0.000000,0.000000,0.000000
training-loop,34,0.469333,0.000000,0.000000,0.000000,0.000000,0.000000
training-loop,35,0.469333,0.000000,0.000000,0.000000,0.000000,0.000000
training-loop,36,0.469333,0.000000,0.000000,0.000000,0.000000,0.000000
training-loop,37,0.469333,0.000000,0.000000,0.000000,0.000000,0.000000
training-loop,38,0.469333,0.000000,0.000000,0.000000,0.000000,0.000000
training-loop,39,0.469333,0.000000,0.000000,0.000000,0.000000,0.000000
training-loop,40,0.469333,0.000000,0.000000,0.000000,0.000000,0.000000
training-loop,41,0.469333,0.000000,0.000000,0.000000,0.000000,0.000000
training-loop,42,0.469333,0.000000,0.000000,0.000000,0.000000,0.000000
training-loop,43,0.469333,0.000000,0.000000,0.000000,0.000000,0.000000
training-loop,44,0.469333,0.000000,0.000000,0.000000,0.000000,0.000000
training-loop,45,0.469333,0.000000,0.000000,0.000000,0.000000,0.000000
training-loop,46,0.469333,0.000000,0.000000,0.000000,0.000000,0.000000
training-loop,47,0.469333,0.000000,0.000000,0.000000,0.000000,0.000000
training-loop,48,0.469333,0.000000,0.000000,0.000000,0.000000,0.000000
training-loop,49,0.469333,0.000000,0.000000,0.000000,0.000000,0.000000
training-loop,50,0.469333,0.000000,0.000000,0.000000,0.000000,0.000000
training-loop,51,0.469333,0.000000,0.000000,0.000000,0.000000,0.000000
training-loop,52,0.469333,0.000000,0.000000,0.000000,0.000000,0.000000
training-loop,53,0.469333,0.000000,0.000000,0.000000,0.000000,0.000000
training-loop,54,0.469333,0.000000,0.000000,0.000000,0.000000,0.000000
training-loop,55,0.469333,0.000000,0.000000,0.000000,0.000000,0.000000
training-loop,56,0.469333,0.000000,0.000000,0.000000,0.000000,0.000000
training-loop,57,0.469333,0.000000,0.000000,0.000000,0.000000,0.000000
training-loop,58,0.469333,0.000000,0.000000,0.000000,0.000000,0.000000
training-loop,59,0.469333,0.000000,0.000000,0.000000,0.000000,0.000000
training-loop,60,0.469333,0.000000,0.000000,0.000000,0.000000,0.000000
training-loop,61,0.469333,0.000000,0.000000,0.000000,0.000000,0.000000
training-loop,62,0.469333,0.000000,0.000000,0.000000,0.000000,0.000000
training-loop,63,0.469333,0.000000,0.000000,0.000000,0.000000,0.000000
training-loop,64,0.469333,0.000000,0.000000,0.000000,0.000000,0.000000
training-loop,65,0.469333,0.000000,0.000000,0.000000,0.000000,0.000000
training-loop,66,0.469333,0.000000,0.000000,0.000000,0.000000,0.000000
training-loop,67,0.469333,0.000000,0.000000,0.000000,0.000000,0.000000
training-loop,68,0.469333,0.000000,0.000000,0.000000,0.000000,0.000000
training-loop,69,0.469333,0.000000,0.000000,0.000000,0.000000,0.000000
training-loop,70,0.469333,0.000000,0.000000,0.000000,0.000000,0.000000
training-loop,71,0.469333,0.000000,0.000000,0.000000,0.000000,0.000000
training-loop,72,0.469333,0.000000,0.000000,0.000000,0.000000,0.000000
training-loop,73,0.469333,0.000000,0.000000,0.000000,0.000000,0.000000
training-loop,74,0.469333,0.000000,0.000000,0.000000,0.000000,0.000000
training-loop,75,0.469333,0.000000,0.000000,0.000000,0.000000,0.000000
training-loop,76,0.469333,0.000000,0.000000,0.000000,0.000000,0.000000
training-loop,77,0.469333,0.000000,0.000000,0.000000,0.000000,0.000000
training-loop,78,0.469333,0.000000,0.000000,0.000000,0.000000,0.000000
training-loop,79,0.469333,0.000000,0.000000,0.000000,0.000000,0.000000
training-loop,80,0.469333,0.000000,0.000000,0.000000,0.000000,0.000000
training-loop,81,0.421917,0.000000,0.000000,0.000000,0.000000,-0.044200
training-loop,82,0.421917,0.000000,0.000000,0.000000,0.000000,-0.044000
training-loop,83,0.421917,0.000000,0.000000,0.000000,0.000000,0.309300
training-loop,84,0.421917,0.000000,0.000000,0.000000,0.000000,-0.044000
training-loop,85,0.421917,0.000000,0.000000,0.000000,0.000000,-0.044000
training-loop,86,0.421917,0.000000,0.000000,0.000000,0.000000,-0.044200
training-loop,87,0.421917,0.000000,0.000000,0.000000,0.000000,-0.044100
training-loop,88,0.421917,0.000000,0.000000,0.000000,0.000000,-0.044200
training-loop,89,0.469333,0.000000,0.000000,0.000000,0.000000,0.000000
training-loop,90,0.469333,0.000000,0.000000,0.000000,0.000000,0.000000
training-loop,91,0.469333,0.000000,0.000000,0.000000,0.000000,0.000000
training-loop,92,0.469333,0.000000,0.000000,0.000000,0.000000,0.000000
training-loop,93,0.469333,0.000000,0.000000,0.000000,0.000000,0.000000
training-loop,94,0.469333,0.000000,0.000000,0.000000,0.000000,0.000000
training-loop,95,0.469333,0.000000,0.000000,0.000000,0.000000,0.000000
training-loop,96,0.469333,0.000000,0.000000,0.000000,0.000000,0.000000
training-loop,97,0.469333,0.000000,0.000000,0.000000,0.000000,0.000000
training-loop,98,0.469333,0.000000,0.000000,0.000000,0.000000,0.000000
training-loop,99,0.469333,0.000000,0.000000,0.000000,0.000000,0.000000
training-loop,100,0.469333,0.000000,0.000000,0.000000,0.000000,0.000000
training-loop,101,0.469333,0.000000,0.000000,0.000000,0.000000,0.000000
training-loop,102,0.469333,0.000000,0.000000,0.000000,0.000000,0.000000
training-loop,103,0.469333,0.000000,0.000000,0.000000,0.000000,0.000000
training-loop,104,0.469333,0.000000,0.000000,0.000000,0.000000,0.000000
training-loop,105,0.469333,0.000000,0.000000,0.000000,0.000000,0.000000
training-loop,106,0.469333,0.000000,0.000000,0.000000,0.000000,0.000000
training-loop,107,0.469333,0.000000,0.000000,0.000000,0.000000,0.000000
training-loop,108,0.469333,0.000000,0.000000,0.000000,0.000000,0.000000
training-loop,109,0.469333,0.000000,0.000000,0.000000,0.000000,0.000000
training-loop,110,0.469333,0.000000,0.000000,0.000000,0.000000,0.000000
training-loop,111,0.469333,0.000000,0.000000,0.000000,0.000000,0.000000
training-loop,112,0.469333,0.000000,0.000000,0.000000,0.000000,0.000000
training-loop,113,0.462917,0.000000,0.000000,0.000000,0.000000,-0.044000
training-loop,114,0.462917,0.000000,0.000000,0.000000,0.000000,-0.043900
training-loop,115,0.462917,0.000000,0.000000,0.000000,0.000000,-0.043600
training-loop,116,0.462917,0.000000,0.000000,0.000000,0.000000,-0.043900
training-loop,117,0.462917,0.000000,0.000000,0.000000,0.000000,-0.043800
training-loop,118,0.462917,0.000000,0.000000,0.000000,0.000000,-0.044100
training-loop,119,0.462917,0.000000,0.000000,0.000000,0.000000,0.307300
training-loop,120,0.462917,0.000000,0.000000,0.000000,0.000000,-0.044000
training-loop,121,0.469333,0.000000,0.000000,0.000000,0.000000,0.000000
training-loop,122,0.469333,0.000000,0.000000,0.000000,0.000000,0.000000
training-loop,123,0.469333,0.000000,0.000000,0.000000,0.000000,0.000000
training-loop,124,0.469333,0.000000,0.000000,0.000000,0.000000,0.000000
training-loop,125,0.469333,0.000000,0.000000,0.000000,0.000000,0.000000
training-loop,126,0.469333,0.000000,0.000000,0.000000,0.000000,0.000000
training-loop,127,0.469333,0.000000,0.000000,0.000000,0.000000,0.000000
training-loop,128,0.469333,0.000000,0.000000,0.000000,0.000000,0.000000
training-loop,129,0.469333,0.000000,0.000000,0.000000,0.000000,0.000000
training-loop,130,0.469333,0.000000,0.000000,0.000000,0.000000,0.000000
training-loop,131,0.469333,0.000000,0.000000,0.000000,0.000000,0.000000
training-loop,132,0.469333,0.000000,0.000000,0.000000,0.000000,0.000000
training-loop,133,0.469333,0.000000,0.000000,0.000000,0.000000,0.000000
training-loop,134,0.469333,0.000000,0.000000,0.000000,0.000000,0.000000
training-loop,135,0.469333,0.000000,0.000000,0.000000,0.000000,0.000000
training-loop,136,0.469333,0.000000,0.000000,0.000000,0.000000,0.000000
training-loop,137,0.469333,0.000000,0.000000,0.000000,0.000000,0.000000
training-loop,138,0.469333,0.000000,0.000000,0.000000,0.000000,0.000000
training-loop,139,0.469333,0.000000,0.000000,0.000000,0.000000,0.000000
training-loop,140,0.469333,0.000000,0.000000,0.000000,0.000000,0.000000
training-loop,141,0.469333,0.000000,0.000000,0.000000,0.000000,0.000000
training-loop,142,0.469333,0.000000,0.000000,0.000000,0.000000,0.000000
training-loop,143,0.469333,0.000000,0.000000,0.000000,0.000000,0.000000
training-loop,144,0.469333,0.000000,0.000000,0.000000,0.000000,0.000000
training-loop,145,0.469333,0.000000,0.000000,0.000000,0.000000,0.000000
training-loop,146,0.469333,0.000000,0.000000,0.000000,0.000000,0.000000
training-loop,147,0.469333,0.000000,0.000000,0.000000,0.000000,0.000000
training-loop,148,0.469333,0.000000,0.000000,0.000000,0.000000,0.000000
training-loop,149,0.469333,0.000000,0.000000,0.000000,0.000000,0.000000
training-loop,150,0.469333,0.000000,0.000000,0.000000,0.000000,0.000000
training-loop,151,0.469333,0.000000,0.000000,0.000000,0.000000,0.000000
training-loop,152,0.469333,0.000000,0.000000,0.000000,0.000000,0.000000
training-loop,153,0.426500,0.000000,0.000000,0.000000,0.000000,0.309100
training-loop,154,0.426500,0.000000,0.000000,0.000000,0.000000,-0.044100
training-loop,155,0.426500,0.000000,0.000000,0.000000,0.000000,-0.044400
training-loop,156,0.426500,0.000000,0.000000,0.000000,0.000000,-0.044200
training-loop,157,0.426500,0.000000,0.000000,0.000000,0.000000,-0.044200
training-loop,158,0.426500,0.000000,0.000000,0.000000,0.000000,-0.044500
training-loop,159,0.426500,0.000000,0.000000,0.000000,0.000000,-0.044200
training-loop,160,0.426500,0.000000,0.000000,0.000000,0.000000,-0.044100
training-loop,161,0.469333,0.000000,0.000000,0.000000,0.000000,0.000000
training-loop,162,0.469333,0.000000,0.000000,0.000000,0.000000,0.000000
training-loop,163,0.469333,0.000000,0.000000,0.000000,0.000000,0.000000
training-loop,164,0.469333,0.000000,0.000000,0.000000,0.000000,0.000000
training-loop,165,0.469333,0.000000,0.000000,0.000000,0.000000,0.000000
training-loop,166,0.469333,0.000000,0.000000,0.000000,0.000000,0.000000
training-loop,167,0.469333,0.000000,0.000000,0.000000,0.000000,0.000000
training-loop,168,0.469333,0.000000,0.000000,0.000000,0.000000,0.000000
training-loop,169,0.469333,0.000000,0.000000,0.000000,0.000000,0.000000
training-loop,170,0.469333,0.000000,0.000000,0.000000,0.000000,0.000000
training-loop,171,0.469333,0.000000,0.000000,0.000000,0.000000,0.000000
training-loop,172,0.469333,0.000000,0.000000,0.000000,0.000000,0.000000
training-loop,173,0.469333,0.000000,0.000000,0.000000,0.000000,0.000000
training-loop,174,0.469333,0.000000,0.000000,0.000000,0.000000,0.000000
training-loop,175,0.469333,0.000000,0.000000,0.000000,0.000000,0.000000
training-loop,176,0.469333,0.000000,0.000000,0.000000,0.000000,0.000000
training-loop,177,0.469333,0.000000,0.000000,0.000000,0.000000,0.000000
training-loop,178,0.469333,0.000000,0.000000,0.000000,0.000000,0.000000
training-loop,179,0.469333,0.000000,0.000000,0.000000,0.000000,0.000000
training-loop,180,0.469333,0.000000,0.000000,0.000000,0.000000,0.000000
training-loop,181,0.469333,0.000000,0.000000,0.000000,0.000000,0.000000
training-loop,182,0.469333,0.000000,0.000000,0.000000,0.000000,0.000000
training-loop,183,0.469333,0.000000,0.000000,0.000000,0.000000,0.000000
training-loop,184,0.469333,0.000000,0.000000,0.000000,0.000000,0.000000
training-loop,185,0.469333,0.000000,0.000000,0.000000,0.000000,0.000000
training-loop,186,0.469333,0.000000,0.000000,0.000000,0.000000,0.000000
training-loop,187,0.469333,0.000000,0.000000,0.000000,0.000000,0.000000
training-loop,188,0.469333,0.000000,0.000000,0.000000,0.000000,0.000000
training-loop,189,0.469333,0.000000,0.000000,0.000000,0.000000,0.000000
training-loop,190,0.469333,0.000000,0.000000,0.000000,0.000000,0.000000
training-loop,191,0.469333,0.000000,0.000000,0.000000,0.000000,0.000000
training-loop,192,0.469333,0.000000,0.000000,0.000000,0.000000,0.000000
training-loop,193,0.461083,0.000000,0.000000,0.000000,0.000000,0.308000
training-loop,194,0.461083,0.000000,0.000000,0.000000,0.000000,-0.043900
training-loop,195,0.461083,0.000000,0.000000,0.000000,0.000000,-0.044000
training-loop,196,0.461083,0.000000,0.000000,0.000000,0.000000,-0.044000
training-loop,197,0.461083,0.000000,0.000000,0.000000,0.000000,-0.043900
training-loop,198,0.461083,0.000000,0.000000,0.000000,0.000000,-0.044000
training-loop,199,0.461083,0.000000,0.000000,0.000000,0.000000,-0.044000
training-loop,200,0.461083,0.000000,0.000000,0.000000,0.000000,-0.044000
